Date,Price,Dividend
1953-01-01,26.18,1.4100
1953-02-01,25.86,1.4100
1953-03-01,25.99,1.4100
1953-04-01,24.71,1.4133
1953-05-01,24.84,1.4167
1953-06-01,23.95,1.4200
1953-07-01,24.29,1.4200
1953-08-01,24.39,1.4200
1953-09-01,23.27,1.4200
1953-10-01,23.97,1.4300
1953-11-01,24.50,1.4400
1953-12-01,24.83,1.4500
1954-01-01,25.46,1.4567
1954-02-01,26.02,1.4633
1954-03-01,26.57,1.4700
1954-04-01,27.63,1.4633
1954-05-01,28.73,1.4567
1954-06-01,28.96,1.4500
1954-07-01,30.13,1.4567
1954-08-01,30.73,1.4633
1954-09-01,31.45,1.4700
1954-10-01,32.18,1.4933
1954-11-01,33.44,1.5167
1954-12-01,34.97,1.5400
1955-01-01,35.60,1.5467
1955-02-01,36.79,1.5533
1955-03-01,36.50,1.5600
1955-04-01,37.76,1.5633
1955-05-01,37.60,1.5667
1955-06-01,39.78,1.5700
1955-07-01,42.69,1.5867
1955-08-01,42.43,1.6033
1955-09-01,44.34,1.6200
1955-10-01,42.11,1.6267
1955-11-01,44.95,1.6333
1955-12-01,45.37,1.6400
1956-01-01,44.15,1.6700
1956-02-01,44.43,1.7000
1956-03-01,47.49,1.7300
1956-04-01,48.05,1.7533
1956-05-01,46.54,1.7767
1956-06-01,46.27,1.8000
1956-07-01,48.78,1.8133
1956-08-01,48.49,1.8267
1956-09-01,46.84,1.8400
1956-10-01,46.24,1.8067
1956-11-01,45.76,1.7733
1956-12-01,46.44,1.7400
1957-01-01,45.43,1.7367
1957-02-01,43.47,1.7333
1957-03-01,44.03,1.7300
1957-04-01,45.05,1.7300
1957-05-01,46.78,1.7300
1957-06-01,47.55,1.7300
1957-07-01,48.51,1.7400
1957-08-01,45.84,1.7500
1957-09-01,43.98,1.7600
1957-10-01,41.24,1.7700
1957-11-01,40.35,1.7800
1957-12-01,40.33,1.7900
1958-01-01,41.12,1.7833
1958-02-01,41.26,1.7767
1958-03-01,42.11,1.7700
1958-04-01,42.34,1.7567
1958-05-01,43.70,1.7433
1958-06-01,44.75,1.7300
1958-07-01,45.98,1.7300
1958-08-01,47.70,1.7300
1958-09-01,48.96,1.7300
1958-10-01,50.95,1.7367
1958-11-01,52.50,1.7433
1958-12-01,53.49,1.7500
1959-01-01,55.62,1.7567
1959-02-01,54.77,1.7633
1959-03-01,56.16,1.7700
1959-04-01,57.10,1.7767
1959-05-01,57.96,1.7833
1959-06-01,57.46,1.7900
1959-07-01,59.74,1.7967
1959-08-01,59.40,1.8033
1959-09-01,57.05,1.8100
1959-10-01,57.00,1.8167
1959-11-01,57.23,1.8233
1959-12-01,59.06,1.8300
1960-01-01,58.03,1.8667
1960-02-01,55.78,1.9033
1960-03-01,55.02,1.9400
1960-04-01,55.73,1.9433
1960-05-01,55.22,1.9467
1960-06-01,57.26,1.9500
1960-07-01,55.84,1.9500
1960-08-01,56.51,1.9500
1960-09-01,54.81,1.9500
1960-10-01,53.73,1.9500
1960-11-01,55.47,1.9500
1960-12-01,56.80,1.9500
1961-01-01,59.72,1.9467
1961-02-01,62.17,1.9433
1961-03-01,64.12,1.9400
1961-04-01,65.83,1.9400
1961-05-01,66.50,1.9400
1961-06-01,65.62,1.9400
1961-07-01,65.44,1.9467
1961-08-01,67.79,1.9533
1961-09-01,67.26,1.9600
1961-10-01,68.00,1.9800
1961-11-01,71.08,2.0000
1961-12-01,71.74,2.0200
1962-01-01,69.07,2.0267
1962-02-01,70.22,2.0333
1962-03-01,70.29,2.0400
1962-04-01,68.05,2.0467
1962-05-01,62.99,2.0533
1962-06-01,55.63,2.0600
1962-07-01,56.97,2.0667
1962-08-01,58.52,2.0733
1962-09-01,58.00,2.0800
1962-10-01,56.17,2.0967
1962-11-01,60.04,2.1133
1962-12-01,62.64,2.1300
1963-01-01,65.06,2.1367
1963-02-01,65.92,2.1433
1963-03-01,65.67,2.1500
1963-04-01,68.76,2.1667
1963-05-01,70.14,2.1833
1963-06-01,70.11,2.2000
1963-07-01,69.07,2.2033
1963-08-01,70.98,2.2067
1963-09-01,72.85,2.2100
1963-10-01,73.03,2.2333
1963-11-01,72.62,2.2567
1963-12-01,74.17,2.2800
1964-01-01,76.45,2.2967
1964-02-01,77.39,2.3133
1964-03-01,78.80,2.3300
1964-04-01,79.94,2.3467
1964-05-01,80.72,2.3633
1964-06-01,80.24,2.3800
1964-07-01,83.22,2.4000
1964-08-01,82.00,2.4200
1964-09-01,83.41,2.4400
1964-10-01,84.85,2.4600
1964-11-01,85.44,2.4800
1964-12-01,83.96,2.5000
1965-01-01,86.12,2.5167
1965-02-01,86.75,2.5333
1965-03-01,86.83,2.5500
1965-04-01,87.97,2.5700
1965-05-01,89.28,2.5900
1965-06-01,85.04,2.6100
1965-07-01,84.91,2.6267
1965-08-01,86.49,2.6433
1965-09-01,89.38,2.6600
1965-10-01,91.39,2.6800
1965-11-01,92.15,2.7000
1965-12-01,91.73,2.7200
1966-01-01,93.32,2.7400
1966-02-01,92.69,2.7600
1966-03-01,88.88,2.7800
1966-04-01,91.60,2.7967
1966-05-01,86.78,2.8133
1966-06-01,86.06,2.8300
1966-07-01,85.84,2.8500
1966-08-01,80.65,2.8700
1966-09-01,77.81,2.8900
1966-10-01,77.13,2.8833
1966-11-01,80.99,2.8767
1966-12-01,81.33,2.8700
1967-01-01,84.45,2.8800
1967-02-01,87.36,2.8900
1967-03-01,89.42,2.9000
1967-04-01,90.96,2.9000
1967-05-01,92.59,2.9000
1967-06-01,91.43,2.9000
1967-07-01,93.01,2.9067
1967-08-01,94.49,2.9133
1967-09-01,95.81,2.9200
1967-10-01,95.66,2.9200
1967-11-01,92.66,2.9200
1967-12-01,95.30,2.9200
1968-01-01,95.04,2.9300
1968-02-01,90.75,2.9400
1968-03-01,89.09,2.9500
1968-04-01,95.67,2.9633
1968-05-01,97.87,2.9767
1968-06-01,100.50,2.9900
1968-07-01,100.30,3.0033
1968-08-01,98.11,3.0167
1968-09-01,101.30,3.0300
1968-10-01,103.80,3.0433
1968-11-01,105.40,3.0567
1968-12-01,106.50,3.0700
1969-01-01,102.00,3.0800
1969-02-01,101.50,3.0900
1969-03-01,99.30,3.1000
1969-04-01,101.30,3.1100
1969-05-01,104.60,3.1200
1969-06-01,99.14,3.1300
1969-07-01,94.71,3.1367
1969-08-01,94.18,3.1433
1969-09-01,94.51,3.1500
1969-10-01,95.52,3.1533
1969-11-01,96.21,3.1567
1969-12-01,91.11,3.1600
1970-01-01,90.31,3.1633
1970-02-01,87.16,3.1667
1970-03-01,88.65,3.1700
1970-04-01,85.95,3.1733
1970-05-01,76.06,3.1767
1970-06-01,75.59,3.1800
1970-07-01,75.72,3.1833
1970-08-01,77.92,3.1867
1970-09-01,82.58,3.1900
1970-10-01,84.37,3.1733
1970-11-01,84.28,3.1567
1970-12-01,90.05,3.1400
1971-01-01,93.49,3.1300
1971-02-01,97.11,3.1200
1971-03-01,99.60,3.1100
1971-04-01,103.00,3.1067
1971-05-01,101.60,3.1033
1971-06-01,99.72,3.1000
1971-07-01,99.00,3.0967
1971-08-01,97.24,3.0933
1971-09-01,99.40,3.0900
1971-10-01,97.29,3.0833
1971-11-01,92.78,3.0767
1971-12-01,99.17,3.0700
1972-01-01,103.30,3.0700
1972-02-01,105.20,3.0700
1972-03-01,107.70,3.0700
1972-04-01,108.80,3.0700
1972-05-01,107.70,3.0700
1972-06-01,108.00,3.0700
1972-07-01,107.20,3.0733
1972-08-01,111.00,3.0767
1972-09-01,109.40,3.0800
1972-10-01,109.60,3.1033
1972-11-01,115.10,3.1267
1972-12-01,117.50,3.1500
1973-01-01,118.40,3.1567
1973-02-01,114.20,3.1633
1973-03-01,112.40,3.1700
1973-04-01,110.30,3.1867
1973-05-01,107.20,3.2033
1973-06-01,104.80,3.2200
1973-07-01,105.80,3.2367
1973-08-01,103.80,3.2533
1973-09-01,105.60,3.2700
1973-10-01,109.80,3.3067
1973-11-01,102.00,3.3433
1973-12-01,94.78,3.3800
1974-01-01,96.11,3.4000
1974-02-01,93.45,3.4200
1974-03-01,97.44,3.4400
1974-04-01,92.46,3.4600
1974-05-01,89.67,3.4800
1974-06-01,89.79,3.5000
1974-07-01,79.31,3.5300
1974-08-01,76.03,3.5600
1974-09-01,68.12,3.5900
1974-10-01,69.44,3.5933
1974-11-01,71.74,3.5967
1974-12-01,67.07,3.6000
1975-01-01,72.56,3.6233
1975-02-01,80.10,3.6467
1975-03-01,83.78,3.6700
1975-04-01,84.72,3.6833
1975-05-01,90.10,3.6967
1975-06-01,92.40,3.7100
1975-07-01,92.49,3.7100
1975-08-01,85.71,3.7100
1975-09-01,84.67,3.7100
1975-10-01,88.57,3.7000
1975-11-01,90.07,3.6900
1975-12-01,88.70,3.6800
1976-01-01,96.86,3.6833
1976-02-01,100.60,3.6867
1976-03-01,101.10,3.6900
1976-04-01,101.90,3.7133
1976-05-01,101.20,3.7367
1976-06-01,101.80,3.7600
1976-07-01,104.20,3.7900
1976-08-01,103.30,3.8200
1976-09-01,105.50,3.8500
1976-10-01,101.90,3.9167
1976-11-01,101.20,3.9833
1976-12-01,104.70,4.0500
1977-01-01,103.80,4.0967
1977-02-01,101.00,4.1433
1977-03-01,100.60,4.1900
1977-04-01,99.05,4.2467
1977-05-01,98.76,4.3033
1977-06-01,99.29,4.3600
1977-07-01,100.20,4.4067
1977-08-01,97.75,4.4533
1977-09-01,96.23,4.5000
1977-10-01,93.74,4.5567
1977-11-01,94.28,4.6133
1977-12-01,93.82,4.6700
1978-01-01,90.25,4.7133
1978-02-01,88.98,4.7567
1978-03-01,88.82,4.8000
1978-04-01,92.71,4.8367
1978-05-01,97.41,4.8733
1978-06-01,97.66,4.9100
1978-07-01,97.19,4.9467
1978-08-01,103.90,4.9833
1978-09-01,103.90,5.0200
1978-10-01,100.60,5.0367
1978-11-01,94.71,5.0533
1978-12-01,96.11,5.0700
1979-01-01,99.71,5.1133
1979-02-01,98.23,5.1567
1979-03-01,100.10,5.2000
1979-04-01,102.10,5.2467
1979-05-01,99.73,5.2933
1979-06-01,101.70,5.3400
1979-07-01,102.70,5.3967
1979-08-01,107.40,5.4533
1979-09-01,108.60,5.5100
1979-10-01,104.50,5.5567
1979-11-01,103.70,5.6033
1979-12-01,107.80,5.6500
1980-01-01,110.90,5.7000
1980-02-01,115.30,5.7500
1980-03-01,104.70,5.8000
1980-04-01,103.00,5.8467
1980-05-01,107.70,5.8933
1980-06-01,114.60,5.9400
1980-07-01,119.80,5.9833
1980-08-01,123.50,6.0267
1980-09-01,126.50,6.0700
1980-10-01,130.20,6.1000
1980-11-01,135.70,6.1300
1980-12-01,133.50,6.1600
1981-01-01,133.00,6.2000
1981-02-01,128.40,6.2400
1981-03-01,133.20,6.2800
1981-04-01,134.40,6.3167
1981-05-01,131.70,6.3533
1981-06-01,132.30,6.3900
1981-07-01,129.10,6.4333
1981-08-01,129.60,6.4767
1981-09-01,118.30,6.5200
1981-10-01,119.80,6.5567
1981-11-01,122.90,6.5933
1981-12-01,123.80,6.6300
1982-01-01,117.30,6.6600
1982-02-01,114.50,6.6900
1982-03-01,110.80,6.7200
1982-04-01,116.30,6.7500
1982-05-01,116.40,6.7800
1982-06-01,109.70,6.8100
1982-07-01,109.40,6.8233
1982-08-01,109.70,6.8367
1982-09-01,122.40,6.8500
1982-10-01,132.70,6.8567
1982-11-01,138.10,6.8633
1982-12-01,139.40,6.8700
1983-01-01,144.30,6.8833
1983-02-01,146.80,6.8967
1983-03-01,151.90,6.9100
1983-04-01,157.70,6.9200
1983-05-01,164.10,6.9300
1983-06-01,166.40,6.9400
1983-07-01,167.00,6.9600
1983-08-01,162.40,6.9800
1983-09-01,167.20,7.0000
1983-10-01,167.70,7.0300
1983-11-01,165.20,7.0600
1983-12-01,164.40,7.0900
1984-01-01,166.40,7.1200
1984-02-01,157.30,7.1500
1984-03-01,157.40,7.1800
1984-04-01,157.60,7.2233
1984-05-01,156.60,7.2667
1984-06-01,153.10,7.3100
1984-07-01,151.10,7.3333
1984-08-01,164.40,7.3567
1984-09-01,166.10,7.3800
1984-10-01,164.80,7.4300
1984-11-01,166.30,7.4800
1984-12-01,164.50,7.5300
1985-01-01,171.60,7.5733
1985-02-01,180.90,7.6167
1985-03-01,179.40,7.6600
1985-04-01,180.60,7.6867
1985-05-01,184.90,7.7133
1985-06-01,188.90,7.7400
1985-07-01,192.50,7.7733
1985-08-01,188.30,7.8067
1985-09-01,184.10,7.8400
1985-10-01,186.20,7.8600
1985-11-01,197.50,7.8800
1985-12-01,207.30,7.9000
1986-01-01,208.20,7.9400
1986-02-01,219.40,7.9800
1986-03-01,232.30,8.0200
1986-04-01,238.00,8.0467
1986-05-01,238.50,8.0733
1986-06-01,245.30,8.1000
1986-07-01,240.20,8.1433
1986-08-01,245.00,8.1867
1986-09-01,238.30,8.2300
1986-10-01,237.40,8.2467
1986-11-01,245.10,8.2633
1986-12-01,248.60,8.2800
1987-01-01,264.50,8.3000
1987-02-01,280.90,8.3200
1987-03-01,292.50,8.3400
1987-04-01,289.30,8.4000
1987-05-01,289.10,8.4600
1987-06-01,301.40,8.5200
1987-07-01,310.10,8.5667
1987-08-01,329.40,8.6133
1987-09-01,318.70,8.6600
1987-10-01,280.20,8.7100
1987-11-01,245.00,8.7600
1987-12-01,241.00,8.8100
1988-01-01,250.50,8.8567
1988-02-01,258.10,8.9033
1988-03-01,265.70,8.9500
1988-04-01,262.60,9.0433
1988-05-01,256.10,9.1367
1988-06-01,270.70,9.2300
1988-07-01,269.10,9.3067
1988-08-01,263.70,9.3833
1988-09-01,268.00,9.4600
1988-10-01,277.40,9.5500
1988-11-01,271.00,9.6400
1988-12-01,276.50,9.7500
1989-01-01,285.40,9.8133
1989-02-01,294.00,9.8967
1989-03-01,292.70,10.0100
1989-04-01,302.30,10.0867
1989-05-01,313.90,10.1933
1989-06-01,323.70,10.3700
1989-07-01,331.90,10.4233
1989-08-01,346.60,10.5467
1989-09-01,347.30,10.7300
1989-10-01,347.40,10.7967
1989-11-01,340.20,10.9233
1989-12-01,348.60,11.0600
1990-01-01,339.97,11.1400
1990-02-01,330.45,11.2300
1990-03-01,338.46,11.3200
1990-04-01,338.18,11.4367
1990-05-01,350.25,11.5533
1990-06-01,360.39,11.6600
1990-07-01,360.03,11.7267
1990-08-01,330.75,11.7833
1990-09-01,315.41,11.8300
1990-10-01,307.12,11.9267
1990-11-01,315.29,12.0133
1990-12-01,328.75,12.0900
1991-01-01,325.49,12.1067
1991-02-01,362.26,12.1133
1991-03-01,372.28,12.1100
1991-04-01,379.68,12.1300
1991-05-01,377.99,12.1400
1991-06-01,378.29,12.1500
1991-07-01,380.23,12.1933
1991-08-01,389.40,12.2367
1991-09-01,387.20,12.2800
1991-10-01,386.88,12.2533
1991-11-01,385.92,12.2267
1991-12-01,388.51,12.2000
1992-01-01,416.08,12.2400
1992-02-01,412.56,12.2800
1992-03-01,407.36,12.3200
1992-04-01,407.41,12.3200
1992-05-01,414.81,12.3200
1992-06-01,408.27,12.3200
1992-07-01,415.05,12.3433
1992-08-01,417.93,12.3667
1992-09-01,418.48,12.4000
1992-10-01,412.50,12.3867
1992-11-01,422.84,12.3833
1992-12-01,435.64,12.3900
1993-01-01,435.23,12.4133
1993-02-01,441.70,12.4467
1993-03-01,450.16,12.4800
1993-04-01,443.08,12.4933
1993-05-01,445.25,12.5067
1993-06-01,448.06,12.5200
1993-07-01,447.29,12.5200
1993-08-01,454.13,12.5200
1993-09-01,459.24,12.5200
1993-10-01,463.90,12.5400
1993-11-01,462.89,12.5600
1993-12-01,465.95,12.5800
1994-01-01,472.99,12.6233
1994-02-01,471.58,12.6667
1994-03-01,463.81,12.7100
1994-04-01,447.23,12.7533
1994-05-01,450.90,12.7967
1994-06-01,454.83,12.8400
1994-07-01,451.40,12.8700
1994-08-01,464.24,12.9000
1994-09-01,466.96,12.9200
1994-10-01,463.81,13.0133
1994-11-01,461.01,13.0967
1994-12-01,455.19,13.1700
1995-01-01,465.25,13.1800
1995-02-01,481.92,13.1800
1995-03-01,493.15,13.1700
1995-04-01,507.91,13.2433
1995-05-01,523.81,13.3067
1995-06-01,539.35,13.3600
1995-07-01,557.37,13.4400
1995-08-01,559.11,13.5100
1995-09-01,578.77,13.5800
1995-10-01,582.92,13.6500
1995-11-01,595.53,13.7200
1995-12-01,614.57,13.7900
1996-01-01,614.42,13.8933
1996-02-01,649.54,13.9967
1996-03-01,647.07,14.1000
1996-04-01,647.17,14.1567
1996-05-01,661.23,14.2133
1996-06-01,668.50,14.2700
1996-07-01,644.07,14.4000
1996-08-01,662.68,14.5300
1996-09-01,674.88,14.6600
1996-10-01,701.46,14.7400
1996-11-01,735.67,14.8200
1996-12-01,743.25,14.9000
1997-01-01,766.22,14.9533
1997-02-01,798.39,15.0067
1997-03-01,792.16,15.0600
1997-04-01,763.93,15.0933
1997-05-01,833.09,15.1267
1997-06-01,876.29,15.1600
1997-07-01,925.29,15.2167
1997-08-01,927.24,15.2733
1997-09-01,937.02,15.3300
1997-10-01,951.16,15.3867
1997-11-01,938.92,15.4433
1997-12-01,962.37,15.5000
1998-01-01,963.36,15.5500
1998-02-01,1023.74,15.6000
1998-03-01,1076.83,15.6400
1998-04-01,1112.20,15.7500
1998-05-01,1108.42,15.8500
1998-06-01,1108.39,15.9500
1998-07-01,1156.58,16.0167
1998-08-01,1074.62,16.0833
1998-09-01,1020.64,16.1400
1998-10-01,1032.47,16.1667
1998-11-01,1144.43,16.1833
1998-12-01,1190.05,16.2000
1999-01-01,1248.77,16.2833
1999-02-01,1246.58,16.3667
1999-03-01,1281.66,16.4500
1999-04-01,1334.76,16.4500
1999-05-01,1332.07,16.4500
1999-06-01,1322.55,16.4500
1999-07-01,1380.99,16.5133
1999-08-01,1327.49,16.5767
1999-09-01,1318.17,16.6400
1999-10-01,1300.01,16.6567
1999-11-01,1391.00,16.6733
1999-12-01,1428.68,16.6900
2000-01-01,1425.59,16.7133
2000-02-01,1388.87,16.7367
2000-03-01,1442.21,16.7600
2000-04-01,1461.36,16.7400
2000-05-01,1418.48,16.7200
2000-06-01,1461.96,16.7000
2000-07-01,1473.00,16.5833
2000-08-01,1485.46,16.4667
2000-09-01,1468.05,16.3500
2000-10-01,1390.14,16.3233
2000-11-01,1378.04,16.2967
2000-12-01,1330.93,16.2700
2001-01-01,1335.63,16.1700
2001-02-01,1305.75,16.0700
2001-03-01,1185.85,15.9700
2001-04-01,1189.84,15.8767
2001-05-01,1270.37,15.7833
2001-06-01,1238.71,15.6900
2001-07-01,1204.45,15.7067
2001-08-01,1178.50,15.7233
2001-09-01,1044.64,15.7400
2001-10-01,1076.59,15.7400
2001-11-01,1129.68,15.7400
2001-12-01,1144.93,15.7400
2002-01-01,1140.21,15.7367
2002-02-01,1100.67,15.7333
2002-03-01,1153.79,15.7300
2002-04-01,1111.93,15.8333
2002-05-01,1079.25,15.9367
2002-06-01,1014.02,16.0400
2002-07-01,903.59,15.9600
2002-08-01,912.55,15.8800
2002-09-01,867.81,15.8000
2002-10-01,854.63,15.8900
2002-11-01,909.93,15.9800
2002-12-01,899.18,16.0700
2003-01-01,895.84,16.1200
2003-02-01,837.03,16.1700
2003-03-01,846.63,16.2200
2003-04-01,890.03,16.2033
2003-05-01,935.96,16.1867
2003-06-01,988.00,16.1700
2003-07-01,992.54,16.3100
2003-08-01,989.53,16.4500
2003-09-01,1019.44,16.5900
2003-10-01,1038.73,16.8567
2003-11-01,1049.90,17.1233
2003-12-01,1080.64,17.3900
2004-01-01,1132.52,17.6000
2004-02-01,1143.36,17.8100
2004-03-01,1123.98,18.0200
2004-04-01,1133.36,18.2133
2004-05-01,1102.78,18.4067
2004-06-01,1132.76,18.6000
2004-07-01,1105.85,18.7867
2004-08-01,1088.94,18.9733
2004-09-01,1117.66,19.1600
2004-10-01,1117.21,19.2533
2004-11-01,1168.94,19.3467
2004-12-01,1199.21,19.4400
2005-01-01,1181.41,19.7033
2005-02-01,1199.63,19.9667
2005-03-01,1194.90,20.2300
2005-04-01,1164.43,20.4633
2005-05-01,1178.28,20.6967
2005-06-01,1202.25,20.9300
2005-07-01,1222.24,21.1100
2005-08-01,1224.27,21.2900
2005-09-01,1225.92,21.4700
2005-10-01,1191.96,21.7200
2005-11-01,1237.37,21.9700
2005-12-01,1262.07,22.2200
2006-01-01,1278.73,22.4067
2006-02-01,1276.65,22.5933
2006-03-01,1293.74,22.7800
2006-04-01,1302.17,23.0000
2006-05-01,1290.01,23.2200
2006-06-01,1253.17,23.4400
2006-07-01,1260.24,23.6600
2006-08-01,1287.15,23.8800
2006-09-01,1317.74,24.1000
2006-10-01,1363.38,24.3600
2006-11-01,1388.64,24.6200
2006-12-01,1416.42,24.8800
2007-01-01,1424.16,25.0833
2007-02-01,1444.80,25.2867
2007-03-01,1406.95,25.4900
2007-04-01,1463.64,25.7167
2007-05-01,1511.14,25.9433
2007-06-01,1514.19,26.1700
2007-07-01,1520.71,26.4400
2007-08-01,1454.62,26.7100
2007-09-01,1497.12,26.9800
2007-10-01,1539.66,27.2300
2007-11-01,1463.39,27.4800
2007-12-01,1479.22,27.7300
2008-01-01,1378.76,27.9200
2008-02-01,1354.87,28.1100
2008-03-01,1316.94,28.3000
2008-04-01,1370.47,28.4367
2008-05-01,1403.22,28.5733
2008-06-01,1341.25,28.7100
2008-07-01,1257.33,28.7567
2008-08-01,1281.47,28.8033
2008-09-01,1216.95,28.8500
2008-10-01,968.80,28.6967
2008-11-01,883.04,28.5433
2008-12-01,877.56,28.3900
2009-01-01,865.58,28.0133
2009-02-01,805.23,27.6367
2009-03-01,757.13,27.2600
2009-04-01,848.15,26.7033
2009-05-01,902.41,26.1467
2009-06-01,926.12,25.5900
2009-07-01,935.82,25.0267
2009-08-01,1009.73,24.4633
2009-09-01,1044.55,23.9000
2009-10-01,1067.66,23.4033
2009-11-01,1088.07,22.9067
2009-12-01,1110.38,22.4100
2010-01-01,1123.58,22.2400
2010-02-01,1089.16,22.0700
2010-03-01,1152.05,21.9000
2010-04-01,1197.32,21.9467
2010-05-01,1125.06,21.9933
2010-06-01,1083.36,22.0400
2010-07-01,1079.80,22.1433
2010-08-01,1087.28,22.2467
2010-09-01,1122.08,22.3500
2010-10-01,1171.58,22.4767
2010-11-01,1198.89,22.6033
2010-12-01,1241.53,22.7300
2011-01-01,1282.62,22.9633
2011-02-01,1321.12,23.1967
2011-03-01,1304.49,23.4300
2011-04-01,1331.51,23.7333
2011-05-01,1338.31,24.0367
2011-06-01,1287.29,24.3400
2011-07-01,1325.19,24.6200
2011-08-01,1185.31,24.9000
2011-09-01,1173.88,25.1800
2011-10-01,1207.22,25.5967
2011-11-01,1226.42,26.0133
2011-12-01,1243.32,26.4300
2012-01-01,1300.58,26.7367
2012-02-01,1352.49,27.0433
2012-03-01,1389.24,27.3500
2012-04-01,1386.43,27.6733
2012-05-01,1341.27,27.9967
2012-06-01,1323.48,28.3200
2012-07-01,1359.78,28.7433
2012-08-01,1403.45,29.1667
2012-09-01,1443.42,29.5900
2012-10-01,1437.82,30.1433
2012-11-01,1394.51,30.6967
2012-12-01,1422.29,31.2500
2013-01-01,1480.40,31.5367
2013-02-01,1512.31,31.8233
2013-03-01,1550.83,32.1100
2013-04-01,1570.70,32.4967
2013-05-01,1639.84,32.8833
2013-06-01,1618.77,33.2700
2013-07-01,1668.68,33.6467
2013-08-01,1670.09,34.0233
2013-09-01,1687.17,34.4000
2013-10-01,1720.03,34.5967
2013-11-01,1783.54,34.7933
2013-12-01,1807.78,34.9900
2014-01-01,1822.36,35.4033
2014-02-01,1817.04,35.8167
2014-03-01,1863.52,36.2300
2014-04-01,1864.26,36.6133
2014-05-01,1889.77,36.9967
2014-06-01,1947.09,37.3800
2014-07-01,1973.10,37.7500
2014-08-01,1961.53,38.1200
2014-09-01,1993.23,38.4900
2014-10-01,1937.27,38.8067
2014-11-01,2044.57,39.1233
2014-12-01,2054.27,39.4400
2015-01-01,2028.18,39.8967
2015-02-01,2082.20,40.3533
2015-03-01,2079.99,40.8100
2015-04-01,2094.86,41.1200
2015-05-01,2111.94,41.4300
2015-06-01,2099.29,41.7400
2015-07-01,2094.14,41.9967
2015-08-01,2039.87,42.2533
2015-09-01,1944.41,42.5100
2015-10-01,2024.81,42.8033
2015-11-01,2080.62,43.0967
2015-12-01,2054.08,43.3900
2016-01-01,1918.60,43.5533
2016-02-01,1904.42,43.7167
2016-03-01,2021.95,43.8800
2016-04-01,2075.54,44.0733
2016-05-01,2065.55,44.2667
2016-06-01,2083.89,44.4600
2016-07-01,2148.90,44.6500
2016-08-01,2170.95,44.8400
2016-09-01,2157.69,45.0300
2016-10-01,2143.02,45.2533
2016-11-01,2164.99,45.4767
2016-12-01,2246.63,45.7000
2017-01-01,2275.12,45.9267
2017-02-01,2329.91,46.1533
2017-03-01,2366.82,46.3800
2017-04-01,2359.31,46.6600
2017-05-01,2395.35,46.9400
2017-06-01,2433.99,47.2200
2017-07-01,2454.10,47.5367
2017-08-01,2456.22,47.8533
2017-09-01,2492.84,48.1700
2017-10-01,2557.00,48.4233
2017-11-01,2593.61,48.6767
2017-12-01,2664.34,48.9300
2018-01-01,2789.80,49.2867
2018-02-01,2705.16,49.6433
2018-03-01,2702.77,50.0000
2018-04-01,2653.63,50.3300
2018-05-01,2701.49,50.6600
2018-06-01,2754.35,50.9900
2018-07-01,2793.64,51.4400
2018-08-01,2857.82,51.8900
2018-09-01,2901.50,52.3400
2018-10-01,2785.46,52.8100
2018-11-01,2723.23,53.2800
2018-12-01,2567.31,53.7500
2019-01-01,2607.39,54.1467
2019-02-01,2754.86,54.5433
2019-03-01,2803.98,54.9400
2019-04-01,2903.80,55.3191
2019-05-01,2854.71,55.6982
2019-06-01,2890.17,56.0773
2019-07-01,2996.11,56.4582
2019-08-01,2897.50,56.8391
2019-09-01,2982.16,57.2200
2019-10-01,2977.68,57.5600
2019-11-01,3104.90,57.9000
2019-12-01,3176.75,58.2400
2020-01-01,3278.20,58.6869
2020-02-01,3277.31,59.1337
2020-03-01,2652.39,59.5806
2020-04-01,2761.98,59.6137
2020-05-01,2919.61,59.6469
2020-06-01,3104.66,59.6800
2020-07-01,3207.62,59.4033
2020-08-01,3391.71,59.1267
2020-09-01,3365.52,58.8500
2020-10-01,3418.70,58.6596
2020-11-01,3548.99,58.4692
2020-12-01,3695.31,58.2788
2021-01-01,3793.75,58.0637
2021-02-01,3883.43,57.8485
2021-03-01,3910.51,57.6334
2021-04-01,4141.18,57.7106
2021-05-01,4167.85,57.7878
2021-06-01,4238.49,57.8650
2021-07-01,4363.71,58.3282
2021-08-01,4454.21,58.7913
2021-09-01,4445.54,59.2545
2021-10-01,4460.71,59.6354
2021-11-01,4667.39,60.0162
2021-12-01,4674.77,60.3971
2022-01-01,4573.82,60.9214
2022-02-01,4435.98,61.4457
2022-03-01,4391.27,61.9700
2022-04-01,4391.30,62.6533
2022-05-01,4040.36,63.3367
2022-06-01,3898.95,64.0200
2022-07-01,3911.73,64.4528
2022-08-01,4158.56,64.8855
2022-09-01,3850.52,65.3183
2022-10-01,3726.05,65.8522
2022-11-01,3917.49,66.3861
2022-12-01,3912.38,66.9200
2023-01-01,3960.66,67.3500
2023-02-01,4079.68,67.7800
2023-03-01,3968.56,68.2100
2023-04-01,4121.47,68.3767
2023-05-01,4146.17,68.5433
2023-06-01,4345.37,68.7100
2023-07-01,4508.08,
2023-08-01,4457.36,
2023-09-01,4515.77,
2023-10-01,4269.40,
2023-11-01,4460.06,
2023-12-01,4685.05,
2024-01-01,4804.49,
2024-02-01,5011.96,
2024-03-01,5170.57,
2024-04-01,5112.49,
2024-05-01,5235.23,
2024-06-01,5415.14,
2024-07-01,5538.00,
2024-08-01,5478.21,
2024-09-01,5621.26,
2024-10-01,5792.32,
2024-11-01,5929.92,
2024-12-01,6010.91,
2025-01-01,5979.52,
2025-02-01,6038.69,
2025-03-01,5683.98,
2025-04-01,5369.50,
2025-05-01,5810.92,
2025-06-01,6029.95,
2025-07-01,6296.50,
2025-08-01,6408.95,
2025-09-01,6584.02,
2025-10-01,6735.69,
2025-11-01,6740.89,
2025-12-01,6853.03,
2026-01-01,6929.12,
2026-02-01,6893.81,
2026-03-01,6654.42,
2026-04-01,6957.01,
2026-05-01,7412.55,
2026-06-01,7450.03,
2026-07-01,7481.34,
2026-08-01,7711.32,
